-- phpMyAdmin SQL Dump
-- version 3.4.5
-- http://www.phpmyadmin.net
--
-- Host: localhost
-- Generation Time: Mar 16, 2015 at 08:31 AM
-- Server version: 5.5.16
-- PHP Version: 5.3.8

SET SQL_MODE="NO_AUTO_VALUE_ON_ZERO";
SET time_zone = "+00:00";


/*!40101 SET @OLD_CHARACTER_SET_CLIENT=@@CHARACTER_SET_CLIENT */;
/*!40101 SET @OLD_CHARACTER_SET_RESULTS=@@CHARACTER_SET_RESULTS */;
/*!40101 SET @OLD_COLLATION_CONNECTION=@@COLLATION_CONNECTION */;
/*!40101 SET NAMES utf8 */;

--
-- Database: `sale_db`
--

-- --------------------------------------------------------

--
-- Table structure for table `ams_booking`
--

CREATE TABLE IF NOT EXISTS `ams_booking` (
  `booking_id` int(11) NOT NULL AUTO_INCREMENT,
  `agency` varchar(256) COLLATE utf8_unicode_ci DEFAULT NULL,
  `client` varchar(256) COLLATE utf8_unicode_ci DEFAULT NULL,
  `startdate` datetime DEFAULT NULL,
  `enddate` datetime DEFAULT NULL,
  `book_val` decimal(10,0) DEFAULT NULL,
  `status` tinyint(4) DEFAULT NULL,
  `user_id` int(11) DEFAULT NULL,
  `note` varchar(256) COLLATE utf8_unicode_ci DEFAULT '',
  `date_added` datetime DEFAULT NULL,
  `quickbook` varchar(128) COLLATE utf8_unicode_ci DEFAULT NULL,
  PRIMARY KEY (`booking_id`)
) ENGINE=InnoDB  DEFAULT CHARSET=utf8 COLLATE=utf8_unicode_ci AUTO_INCREMENT=22 ;

--
-- Dumping data for table `ams_booking`
--

INSERT INTO `ams_booking` (`booking_id`, `agency`, `client`, `startdate`, `enddate`, `book_val`, `status`, `user_id`, `note`, `date_added`, `quickbook`) VALUES
(10, 'MediaQuauk', 'Samsung', '2014-12-29 00:00:00', '2015-03-20 00:00:00', 12000000, 1, 3, 'fadfadfadf', '2015-01-19 09:35:19', 'BT006'),
(11, '', 'P&amp;G', '2014-12-30 00:00:00', '2015-02-20 00:00:00', 20000000, 2, 3, 'fadfadfadfadf', '2015-01-19 09:36:06', ''),
(12, '', 'Unilever', '2014-12-30 00:00:00', '2015-05-01 00:00:00', 30000000, 2, 3, 'fadfadhfkj', '2015-01-19 09:36:52', ''),
(13, NULL, 'CocaCola', '2015-01-20 00:00:00', '2015-03-27 00:00:00', 20000000, 1, 4, '0', '2015-01-19 10:53:05', NULL),
(14, NULL, 'PNJ', '2015-01-21 00:00:00', '2015-05-01 00:00:00', 10000000, 2, 4, '0', '2015-01-19 10:53:31', NULL),
(15, NULL, 'Lazada', '2015-01-30 00:00:00', '2015-03-28 00:00:00', 30000000, 3, 4, '0', '2015-01-19 10:54:02', NULL),
(16, NULL, 'Tiki', '2015-01-20 00:00:00', '2015-02-20 00:00:00', 20000000, 1, 6, '0', '2015-01-19 10:57:36', NULL),
(17, NULL, 'Nokia', '2015-01-20 00:00:00', '2015-03-27 00:00:00', 10000000, 3, 6, '0', '2015-01-19 10:58:08', NULL),
(18, NULL, 'Netcafe', '2015-01-21 00:00:00', '2015-02-28 00:00:00', 5000000, 1, 6, '0', '2015-01-19 10:58:52', NULL),
(19, NULL, 'Pamper', '2015-01-29 00:00:00', '2015-03-27 00:00:00', 50000000, 1, 2, '0', '2015-01-19 10:59:48', NULL),
(20, NULL, 'Omo', '2014-12-31 00:00:00', '2015-03-26 00:00:00', 10000000, 3, 2, '0', '2015-01-19 11:00:10', NULL),
(21, NULL, 'testboooking', '2015-01-29 00:00:00', '2015-03-27 00:00:00', 124245564, 1, 3, '0', '2015-01-21 11:36:43', 'BT-006');

-- --------------------------------------------------------

--
-- Table structure for table `currency`
--

CREATE TABLE IF NOT EXISTS `currency` (
  `currency_id` int(11) NOT NULL AUTO_INCREMENT,
  `title` varchar(32) NOT NULL,
  `code` varchar(3) NOT NULL,
  `symbol_left` varchar(12) NOT NULL,
  `symbol_right` varchar(12) NOT NULL,
  `decimal_place` char(1) NOT NULL,
  `value` float(15,8) NOT NULL,
  `status` tinyint(1) NOT NULL,
  `date_modified` datetime NOT NULL,
  PRIMARY KEY (`currency_id`)
) ENGINE=MyISAM  DEFAULT CHARSET=utf8 AUTO_INCREMENT=4 ;

--
-- Dumping data for table `currency`
--

INSERT INTO `currency` (`currency_id`, `title`, `code`, `symbol_left`, `symbol_right`, `decimal_place`, `value`, `status`, `date_modified`) VALUES
(1, 'Pound Sterling', 'GBP', '£', '', '2', 0.66339999, 1, '2015-01-20 04:20:30'),
(2, 'US Dollar', 'USD', '$', '', '2', 1.00000000, 1, '2015-01-20 05:00:59'),
(3, 'Euro', 'EUR', '', '€', '2', 0.86309999, 1, '2015-01-20 04:20:30');

-- --------------------------------------------------------

--
-- Table structure for table `event`
--

CREATE TABLE IF NOT EXISTS `event` (
  `event_id` int(11) NOT NULL AUTO_INCREMENT,
  `code` varchar(32) NOT NULL,
  `trigger` text NOT NULL,
  `action` text NOT NULL,
  PRIMARY KEY (`event_id`)
) ENGINE=MyISAM DEFAULT CHARSET=utf8 AUTO_INCREMENT=1 ;

-- --------------------------------------------------------

--
-- Table structure for table `extension`
--

CREATE TABLE IF NOT EXISTS `extension` (
  `extension_id` int(11) NOT NULL AUTO_INCREMENT,
  `type` varchar(32) NOT NULL,
  `code` varchar(32) NOT NULL,
  PRIMARY KEY (`extension_id`)
) ENGINE=MyISAM  DEFAULT CHARSET=utf8 AUTO_INCREMENT=428 ;

--
-- Dumping data for table `extension`
--

INSERT INTO `extension` (`extension_id`, `type`, `code`) VALUES
(23, 'payment', 'cod'),
(22, 'total', 'shipping'),
(57, 'total', 'sub_total'),
(58, 'total', 'tax'),
(59, 'total', 'total'),
(410, 'module', 'banner'),
(426, 'module', 'carousel'),
(390, 'total', 'credit'),
(387, 'shipping', 'flat'),
(349, 'total', 'handling'),
(350, 'total', 'low_order_fee'),
(389, 'total', 'coupon'),
(413, 'module', 'category'),
(408, 'module', 'account'),
(393, 'total', 'reward'),
(398, 'total', 'voucher'),
(407, 'payment', 'free_checkout'),
(427, 'module', 'featured'),
(419, 'module', 'slideshow');

-- --------------------------------------------------------

--
-- Table structure for table `language`
--

CREATE TABLE IF NOT EXISTS `language` (
  `language_id` int(11) NOT NULL AUTO_INCREMENT,
  `name` varchar(32) NOT NULL,
  `code` varchar(5) NOT NULL,
  `locale` varchar(255) NOT NULL,
  `image` varchar(64) NOT NULL,
  `directory` varchar(32) NOT NULL,
  `sort_order` int(3) NOT NULL DEFAULT '0',
  `status` tinyint(1) NOT NULL,
  PRIMARY KEY (`language_id`),
  KEY `name` (`name`)
) ENGINE=MyISAM  DEFAULT CHARSET=utf8 AUTO_INCREMENT=2 ;

--
-- Dumping data for table `language`
--

INSERT INTO `language` (`language_id`, `name`, `code`, `locale`, `image`, `directory`, `sort_order`, `status`) VALUES
(1, 'English', 'en', 'en_US.UTF-8,en_US,en-gb,english', 'gb.png', 'english', 1, 1);

-- --------------------------------------------------------

--
-- Table structure for table `length_class`
--

CREATE TABLE IF NOT EXISTS `length_class` (
  `length_class_id` int(11) NOT NULL AUTO_INCREMENT,
  `value` decimal(15,8) NOT NULL,
  PRIMARY KEY (`length_class_id`)
) ENGINE=MyISAM  DEFAULT CHARSET=utf8 AUTO_INCREMENT=4 ;

--
-- Dumping data for table `length_class`
--

INSERT INTO `length_class` (`length_class_id`, `value`) VALUES
(1, 1.00000000),
(2, 10.00000000),
(3, 0.39370000);

-- --------------------------------------------------------

--
-- Table structure for table `length_class_description`
--

CREATE TABLE IF NOT EXISTS `length_class_description` (
  `length_class_id` int(11) NOT NULL AUTO_INCREMENT,
  `language_id` int(11) NOT NULL,
  `title` varchar(32) NOT NULL,
  `unit` varchar(4) NOT NULL,
  PRIMARY KEY (`length_class_id`,`language_id`)
) ENGINE=MyISAM  DEFAULT CHARSET=utf8 AUTO_INCREMENT=4 ;

--
-- Dumping data for table `length_class_description`
--

INSERT INTO `length_class_description` (`length_class_id`, `language_id`, `title`, `unit`) VALUES
(1, 1, 'Centimeter', 'cm'),
(2, 1, 'Millimeter', 'mm'),
(3, 1, 'Inch', 'in');

-- --------------------------------------------------------

--
-- Table structure for table `setting`
--

CREATE TABLE IF NOT EXISTS `setting` (
  `setting_id` int(11) NOT NULL AUTO_INCREMENT,
  `store_id` int(11) NOT NULL DEFAULT '0',
  `code` varchar(32) NOT NULL,
  `key` varchar(64) NOT NULL,
  `value` text NOT NULL,
  `serialized` tinyint(1) NOT NULL,
  PRIMARY KEY (`setting_id`)
) ENGINE=MyISAM  DEFAULT CHARSET=utf8 AUTO_INCREMENT=284 ;

--
-- Dumping data for table `setting`
--

INSERT INTO `setting` (`setting_id`, `store_id`, `code`, `key`, `value`, `serialized`) VALUES
(1, 0, 'shipping', 'shipping_sort_order', '3', 0),
(2, 0, 'sub_total', 'sub_total_sort_order', '1', 0),
(3, 0, 'sub_total', 'sub_total_status', '1', 0),
(4, 0, 'tax', 'tax_status', '1', 0),
(5, 0, 'total', 'total_sort_order', '9', 0),
(6, 0, 'total', 'total_status', '1', 0),
(7, 0, 'tax', 'tax_sort_order', '5', 0),
(8, 0, 'free_checkout', 'free_checkout_sort_order', '1', 0),
(9, 0, 'cod', 'cod_sort_order', '5', 0),
(10, 0, 'cod', 'cod_total', '0.01', 0),
(11, 0, 'cod', 'cod_order_status_id', '1', 0),
(12, 0, 'cod', 'cod_geo_zone_id', '0', 0),
(13, 0, 'cod', 'cod_status', '1', 0),
(14, 0, 'shipping', 'shipping_status', '1', 0),
(15, 0, 'shipping', 'shipping_estimator', '1', 0),
(27, 0, 'coupon', 'coupon_sort_order', '4', 0),
(28, 0, 'coupon', 'coupon_status', '1', 0),
(34, 0, 'flat', 'flat_sort_order', '1', 0),
(35, 0, 'flat', 'flat_status', '1', 0),
(36, 0, 'flat', 'flat_geo_zone_id', '0', 0),
(37, 0, 'flat', 'flat_tax_class_id', '9', 0),
(41, 0, 'flat', 'flat_cost', '5.00', 0),
(42, 0, 'credit', 'credit_sort_order', '7', 0),
(43, 0, 'credit', 'credit_status', '1', 0),
(53, 0, 'reward', 'reward_sort_order', '2', 0),
(54, 0, 'reward', 'reward_status', '1', 0),
(146, 0, 'category', 'category_status', '1', 0),
(158, 0, 'account', 'account_status', '1', 0),
(159, 0, 'affiliate', 'affiliate_status', '1', 0),
(267, 0, 'config', 'config_robots', 'abot\r\ndbot\r\nebot\r\nhbot\r\nkbot\r\nlbot\r\nmbot\r\nnbot\r\nobot\r\npbot\r\nrbot\r\nsbot\r\ntbot\r\nvbot\r\nybot\r\nzbot\r\nbot.\r\nbot/\r\n_bot\r\n.bot\r\n/bot\r\n-bot\r\n:bot\r\n(bot\r\ncrawl\r\nslurp\r\nspider\r\nseek\r\naccoona\r\nacoon\r\nadressendeutschland\r\nah-ha.com\r\nahoy\r\naltavista\r\nananzi\r\nanthill\r\nappie\r\narachnophilia\r\narale\r\naraneo\r\naranha\r\narchitext\r\naretha\r\narks\r\nasterias\r\natlocal\r\natn\r\natomz\r\naugurfind\r\nbackrub\r\nbannana_bot\r\nbaypup\r\nbdfetch\r\nbig brother\r\nbiglotron\r\nbjaaland\r\nblackwidow\r\nblaiz\r\nblog\r\nblo.\r\nbloodhound\r\nboitho\r\nbooch\r\nbradley\r\nbutterfly\r\ncalif\r\ncassandra\r\nccubee\r\ncfetch\r\ncharlotte\r\nchurl\r\ncienciaficcion\r\ncmc\r\ncollective\r\ncomagent\r\ncombine\r\ncomputingsite\r\ncsci\r\ncurl\r\ncusco\r\ndaumoa\r\ndeepindex\r\ndelorie\r\ndepspid\r\ndeweb\r\ndie blinde kuh\r\ndigger\r\nditto\r\ndmoz\r\ndocomo\r\ndownload express\r\ndtaagent\r\ndwcp\r\nebiness\r\nebingbong\r\ne-collector\r\nejupiter\r\nemacs-w3 search engine\r\nesther\r\nevliya celebi\r\nezresult\r\nfalcon\r\nfelix ide\r\nferret\r\nfetchrover\r\nfido\r\nfindlinks\r\nfireball\r\nfish search\r\nfouineur\r\nfunnelweb\r\ngazz\r\ngcreep\r\ngenieknows\r\ngetterroboplus\r\ngeturl\r\nglx\r\ngoforit\r\ngolem\r\ngrabber\r\ngrapnel\r\ngralon\r\ngriffon\r\ngromit\r\ngrub\r\ngulliver\r\nhamahakki\r\nharvest\r\nhavindex\r\nhelix\r\nheritrix\r\nhku www octopus\r\nhomerweb\r\nhtdig\r\nhtml index\r\nhtml_analyzer\r\nhtmlgobble\r\nhubater\r\nhyper-decontextualizer\r\nia_archiver\r\nibm_planetwide\r\nichiro\r\niconsurf\r\niltrovatore\r\nimage.kapsi.net\r\nimagelock\r\nincywincy\r\nindexer\r\ninfobee\r\ninformant\r\ningrid\r\ninktomisearch.com\r\ninspector web\r\nintelliagent\r\ninternet shinchakubin\r\nip3000\r\niron33\r\nisraeli-search\r\nivia\r\njack\r\njakarta\r\njavabee\r\njetbot\r\njumpstation\r\nkatipo\r\nkdd-explorer\r\nkilroy\r\nknowledge\r\nkototoi\r\nkretrieve\r\nlabelgrabber\r\nlachesis\r\nlarbin\r\nlegs\r\nlibwww\r\nlinkalarm\r\nlink validator\r\nlinkscan\r\nlockon\r\nlwp\r\nlycos\r\nmagpie\r\nmantraagent\r\nmapoftheinternet\r\nmarvin/\r\nmattie\r\nmediafox\r\nmediapartners\r\nmercator\r\nmerzscope\r\nmicrosoft url control\r\nminirank\r\nmiva\r\nmj12\r\nmnogosearch\r\nmoget\r\nmonster\r\nmoose\r\nmotor\r\nmultitext\r\nmuncher\r\nmuscatferret\r\nmwd.search\r\nmyweb\r\nnajdi\r\nnameprotect\r\nnationaldirectory\r\nnazilla\r\nncsa beta\r\nnec-meshexplorer\r\nnederland.zoek\r\nnetcarta webmap engine\r\nnetmechanic\r\nnetresearchserver\r\nnetscoop\r\nnewscan-online\r\nnhse\r\nnokia6682/\r\nnomad\r\nnoyona\r\nnutch\r\nnzexplorer\r\nobjectssearch\r\noccam\r\nomni\r\nopen text\r\nopenfind\r\nopenintelligencedata\r\norb search\r\nosis-project\r\npack rat\r\npageboy\r\npagebull\r\npage_verifier\r\npanscient\r\nparasite\r\npartnersite\r\npatric\r\npear.\r\npegasus\r\nperegrinator\r\npgp key agent\r\nphantom\r\nphpdig\r\npicosearch\r\npiltdownman\r\npimptrain\r\npinpoint\r\npioneer\r\npiranha\r\nplumtreewebaccessor\r\npogodak\r\npoirot\r\npompos\r\npoppelsdorf\r\npoppi\r\npopular iconoclast\r\npsycheclone\r\npublisher\r\npython\r\nrambler\r\nraven search\r\nroach\r\nroad runner\r\nroadhouse\r\nrobbie\r\nrobofox\r\nrobozilla\r\nrules\r\nsalty\r\nsbider\r\nscooter\r\nscoutjet\r\nscrubby\r\nsearch.\r\nsearchprocess\r\nsemanticdiscovery\r\nsenrigan\r\nsg-scout\r\nshai''hulud\r\nshark\r\nshopwiki\r\nsidewinder\r\nsift\r\nsilk\r\nsimmany\r\nsite searcher\r\nsite valet\r\nsitetech-rover\r\nskymob.com\r\nsleek\r\nsmartwit\r\nsna-\r\nsnappy\r\nsnooper\r\nsohu\r\nspeedfind\r\nsphere\r\nsphider\r\nspinner\r\nspyder\r\nsteeler/\r\nsuke\r\nsuntek\r\nsupersnooper\r\nsurfnomore\r\nsven\r\nsygol\r\nszukacz\r\ntach black widow\r\ntarantula\r\ntempleton\r\n/teoma\r\nt-h-u-n-d-e-r-s-t-o-n-e\r\ntheophrastus\r\ntitan\r\ntitin\r\ntkwww\r\ntoutatis\r\nt-rex\r\ntutorgig\r\ntwiceler\r\ntwisted\r\nucsd\r\nudmsearch\r\nurl check\r\nupdated\r\nvagabondo\r\nvalkyrie\r\nverticrawl\r\nvictoria\r\nvision-search\r\nvolcano\r\nvoyager/\r\nvoyager-hc\r\nw3c_validator\r\nw3m2\r\nw3mir\r\nwalker\r\nwallpaper\r\nwanderer\r\nwauuu\r\nwavefire\r\nweb core\r\nweb hopper\r\nweb wombat\r\nwebbandit\r\nwebcatcher\r\nwebcopy\r\nwebfoot\r\nweblayers\r\nweblinker\r\nweblog monitor\r\nwebmirror\r\nwebmonkey\r\nwebquest\r\nwebreaper\r\nwebsitepulse\r\nwebsnarf\r\nwebstolperer\r\nwebvac\r\nwebwalk\r\nwebwatch\r\nwebwombat\r\nwebzinger\r\nwhizbang\r\nwhowhere\r\nwild ferret\r\nworldlight\r\nwwwc\r\nwwwster\r\nxenu\r\nxget\r\nxift\r\nxirq\r\nyandex\r\nyanga\r\nyeti\r\nyodao\r\nzao\r\nzippp\r\nzyborg', 0),
(266, 0, 'config', 'config_shared', '0', 0),
(265, 0, 'config', 'config_secure', '0', 0),
(264, 0, 'config', 'config_fraud_status_id', '7', 0),
(263, 0, 'config', 'config_fraud_score', '', 0),
(262, 0, 'config', 'config_fraud_key', '', 0),
(94, 0, 'voucher', 'voucher_sort_order', '8', 0),
(95, 0, 'voucher', 'voucher_status', '1', 0),
(261, 0, 'config', 'config_fraud_detection', '0', 0),
(260, 0, 'config', 'config_mail_alert', '', 0),
(103, 0, 'free_checkout', 'free_checkout_status', '1', 0),
(104, 0, 'free_checkout', 'free_checkout_order_status_id', '1', 0),
(259, 0, 'config', 'config_mail', 'a:7:{s:8:"protocol";s:4:"mail";s:9:"parameter";s:0:"";s:13:"smtp_hostname";s:0:"";s:13:"smtp_username";s:0:"";s:13:"smtp_password";s:0:"";s:9:"smtp_port";s:0:"";s:12:"smtp_timeout";s:0:"";}', 1),
(258, 0, 'config', 'config_ftp_status', '0', 0),
(257, 0, 'config', 'config_ftp_root', '', 0),
(256, 0, 'config', 'config_ftp_password', '', 0),
(255, 0, 'config', 'config_ftp_username', '', 0),
(254, 0, 'config', 'config_ftp_port', '21', 0),
(253, 0, 'config', 'config_ftp_hostname', '', 0),
(252, 0, 'config', 'config_image_location_height', '50', 0),
(251, 0, 'config', 'config_image_location_width', '268', 0),
(250, 0, 'config', 'config_image_cart_height', '47', 0),
(249, 0, 'config', 'config_image_cart_width', '47', 0),
(248, 0, 'config', 'config_image_wishlist_height', '47', 0),
(181, 0, 'config', 'config_meta_title', 'Your Store', 0),
(182, 0, 'config', 'config_meta_description', 'My Store', 0),
(183, 0, 'config', 'config_meta_keyword', '', 0),
(184, 0, 'config', 'config_template', 'default', 0),
(185, 0, 'config', 'config_layout_id', '4', 0),
(186, 0, 'config', 'config_country_id', '222', 0),
(187, 0, 'config', 'config_zone_id', '3563', 0),
(188, 0, 'config', 'config_language', 'en', 0),
(189, 0, 'config', 'config_admin_language', 'en', 0),
(190, 0, 'config', 'config_currency', 'USD', 0),
(191, 0, 'config', 'config_currency_auto', '1', 0),
(192, 0, 'config', 'config_length_class_id', '1', 0),
(193, 0, 'config', 'config_weight_class_id', '1', 0),
(194, 0, 'config', 'config_product_count', '1', 0),
(195, 0, 'config', 'config_product_limit', '15', 0),
(196, 0, 'config', 'config_product_description_length', '100', 0),
(197, 0, 'config', 'config_limit_admin', '20', 0),
(198, 0, 'config', 'config_review_status', '1', 0),
(199, 0, 'config', 'config_review_guest', '1', 0),
(200, 0, 'config', 'config_review_mail', '0', 0),
(201, 0, 'config', 'config_voucher_min', '1', 0),
(202, 0, 'config', 'config_voucher_max', '1000', 0),
(203, 0, 'config', 'config_tax', '1', 0),
(204, 0, 'config', 'config_tax_default', 'shipping', 0),
(205, 0, 'config', 'config_tax_customer', 'shipping', 0),
(206, 0, 'config', 'config_customer_online', '0', 0),
(207, 0, 'config', 'config_customer_group_id', '1', 0),
(208, 0, 'config', 'config_customer_group_display', 'a:1:{i:0;s:1:"1";}', 1),
(209, 0, 'config', 'config_customer_price', '0', 0),
(210, 0, 'config', 'config_account_id', '3', 0),
(211, 0, 'config', 'config_account_mail', '0', 0),
(212, 0, 'config', 'config_invoice_prefix', 'INV-2013-00', 0),
(283, 0, 'config', 'config_api_id', '1', 0),
(214, 0, 'config', 'config_cart_weight', '1', 0),
(215, 0, 'config', 'config_checkout_guest', '1', 0),
(216, 0, 'config', 'config_checkout_id', '5', 0),
(217, 0, 'config', 'config_order_status_id', '1', 0),
(218, 0, 'config', 'config_processing_status', 'a:1:{i:0;s:1:"2";}', 1),
(219, 0, 'config', 'config_complete_status', 'a:1:{i:0;s:1:"5";}', 1),
(220, 0, 'config', 'config_order_mail', '0', 0),
(221, 0, 'config', 'config_stock_display', '0', 0),
(222, 0, 'config', 'config_stock_warning', '0', 0),
(223, 0, 'config', 'config_stock_checkout', '0', 0),
(224, 0, 'config', 'config_affiliate_approval', '0', 0),
(225, 0, 'config', 'config_affiliate_auto', '0', 0),
(226, 0, 'config', 'config_affiliate_commission', '5', 0),
(227, 0, 'config', 'config_affiliate_id', '4', 0),
(228, 0, 'config', 'config_affiliate_mail', '0', 0),
(229, 0, 'config', 'config_return_id', '0', 0),
(230, 0, 'config', 'config_return_status_id', '2', 0),
(231, 0, 'config', 'config_logo', 'catalog/logo.png', 0),
(232, 0, 'config', 'config_icon', 'catalog/cart.png', 0),
(233, 0, 'config', 'config_image_category_width', '80', 0),
(234, 0, 'config', 'config_image_category_height', '80', 0),
(235, 0, 'config', 'config_image_thumb_width', '228', 0),
(236, 0, 'config', 'config_image_thumb_height', '228', 0),
(237, 0, 'config', 'config_image_popup_width', '500', 0),
(238, 0, 'config', 'config_image_popup_height', '500', 0),
(239, 0, 'config', 'config_image_product_width', '228', 0),
(240, 0, 'config', 'config_image_product_height', '228', 0),
(241, 0, 'config', 'config_image_additional_width', '74', 0),
(242, 0, 'config', 'config_image_additional_height', '74', 0),
(243, 0, 'config', 'config_image_related_width', '80', 0),
(244, 0, 'config', 'config_image_related_height', '80', 0),
(245, 0, 'config', 'config_image_compare_width', '90', 0),
(246, 0, 'config', 'config_image_compare_height', '90', 0),
(247, 0, 'config', 'config_image_wishlist_width', '47', 0),
(180, 0, 'config', 'config_comment', '', 0),
(179, 0, 'config', 'config_open', '', 0),
(178, 0, 'config', 'config_image', '', 0),
(177, 0, 'config', 'config_fax', '', 0),
(176, 0, 'config', 'config_telephone', '123456789', 0),
(280, 0, 'config', 'config_email', 'ducchinhbk@gmail.com', 0),
(174, 0, 'config', 'config_geocode', '', 0),
(172, 0, 'config', 'config_owner', 'Your Name', 0),
(173, 0, 'config', 'config_address', 'Address 1', 0),
(171, 0, 'config', 'config_name', 'Your Store', 0),
(268, 0, 'config', 'config_seo_url', '0', 0),
(269, 0, 'config', 'config_file_max_size', '300000', 0),
(270, 0, 'config', 'config_file_ext_allowed', 'txt\r\npng\r\njpe\r\njpeg\r\njpg\r\ngif\r\nbmp\r\nico\r\ntiff\r\ntif\r\nsvg\r\nsvgz\r\nzip\r\nrar\r\nmsi\r\ncab\r\nmp3\r\nqt\r\nmov\r\npdf\r\npsd\r\nai\r\neps\r\nps\r\ndoc\r\nrtf\r\nxls\r\nppt\r\nodt\r\nods', 0),
(271, 0, 'config', 'config_file_mime_allowed', 'text/plain\r\nimage/png\r\nimage/jpeg\r\nimage/gif\r\nimage/bmp\r\nimage/vnd.microsoft.icon\r\nimage/tiff\r\nimage/svg+xml\r\napplication/zip\r\napplication/x-rar-compressed\r\napplication/x-msdownload\r\napplication/vnd.ms-cab-compressed\r\naudio/mpeg\r\nvideo/quicktime\r\napplication/pdf\r\nimage/vnd.adobe.photoshop\r\napplication/postscript\r\napplication/msword\r\napplication/rtf\r\napplication/vnd.ms-excel\r\napplication/vnd.ms-powerpoint\r\napplication/vnd.oasis.opendocument.text\r\napplication/vnd.oasis.opendocument.spreadsheet', 0),
(272, 0, 'config', 'config_maintenance', '0', 0),
(273, 0, 'config', 'config_password', '1', 0),
(282, 0, 'config', 'config_encryption', '7d0c56c53d07bcc4d7916c75542a30a9', 0),
(275, 0, 'config', 'config_compression', '0', 0),
(276, 0, 'config', 'config_error_display', '1', 0),
(277, 0, 'config', 'config_error_log', '1', 0),
(278, 0, 'config', 'config_error_filename', 'error.log', 0),
(279, 0, 'config', 'config_google_analytics', '', 0),
(281, 0, 'config', 'config_url', 'http://localhost/salesystem_v2/', 0);

-- --------------------------------------------------------

--
-- Table structure for table `url_alias`
--

CREATE TABLE IF NOT EXISTS `url_alias` (
  `url_alias_id` int(11) NOT NULL AUTO_INCREMENT,
  `query` varchar(255) NOT NULL,
  `keyword` varchar(255) NOT NULL,
  PRIMARY KEY (`url_alias_id`),
  KEY `query` (`query`),
  KEY `keyword` (`keyword`)
) ENGINE=MyISAM  DEFAULT CHARSET=utf8 AUTO_INCREMENT=844 ;

--
-- Dumping data for table `url_alias`
--

INSERT INTO `url_alias` (`url_alias_id`, `query`, `keyword`) VALUES
(824, 'product_id=48', 'ipod-classic'),
(836, 'category_id=20', 'desktops'),
(834, 'category_id=26', 'pc'),
(835, 'category_id=27', 'mac'),
(730, 'manufacturer_id=8', 'apple'),
(772, 'information_id=4', 'about_us'),
(768, 'product_id=42', 'test'),
(789, 'category_id=34', 'mp3-players'),
(781, 'category_id=36', 'test2'),
(774, 'category_id=18', 'laptop-notebook'),
(775, 'category_id=46', 'macs'),
(776, 'category_id=45', 'windows'),
(777, 'category_id=25', 'component'),
(778, 'category_id=29', 'mouse'),
(779, 'category_id=28', 'monitor'),
(780, 'category_id=35', 'test1'),
(782, 'category_id=30', 'printer'),
(783, 'category_id=31', 'scanner'),
(784, 'category_id=32', 'web-camera'),
(785, 'category_id=57', 'tablet'),
(786, 'category_id=17', 'software'),
(787, 'category_id=24', 'smartphone'),
(788, 'category_id=33', 'camera'),
(790, 'category_id=43', 'test11'),
(791, 'category_id=44', 'test12'),
(792, 'category_id=47', 'test15'),
(793, 'category_id=48', 'test16'),
(794, 'category_id=49', 'test17'),
(795, 'category_id=50', 'test18'),
(796, 'category_id=51', 'test19'),
(797, 'category_id=52', 'test20'),
(798, 'category_id=58', 'test25'),
(799, 'category_id=53', 'test21'),
(800, 'category_id=54', 'test22'),
(801, 'category_id=55', 'test23'),
(802, 'category_id=56', 'test24'),
(803, 'category_id=38', 'test4'),
(804, 'category_id=37', 'test5'),
(805, 'category_id=39', 'test6'),
(806, 'category_id=40', 'test7'),
(807, 'category_id=41', 'test8'),
(808, 'category_id=42', 'test9'),
(809, 'product_id=30', 'canon-eos-5d'),
(840, 'product_id=47', 'hp-lp3065'),
(811, 'product_id=28', 'htc-touch-hd'),
(812, 'product_id=43', 'macbook'),
(813, 'product_id=44', 'macbook-air'),
(814, 'product_id=45', 'macbook-pro'),
(816, 'product_id=31', 'nikon-d300'),
(817, 'product_id=29', 'palm-treo-pro'),
(818, 'product_id=35', 'product-8'),
(819, 'product_id=49', 'samsung-galaxy-tab-10-1'),
(820, 'product_id=33', 'samsung-syncmaster-941bw'),
(821, 'product_id=46', 'sony-vaio'),
(837, 'product_id=41', 'imac'),
(823, 'product_id=40', 'iphone'),
(825, 'product_id=36', 'ipod-nano'),
(826, 'product_id=34', 'ipod-shuffle'),
(827, 'product_id=32', 'ipod-touch'),
(828, 'manufacturer_id=9', 'canon'),
(829, 'manufacturer_id=5', 'htc'),
(830, 'manufacturer_id=7', 'hewlett-packard'),
(831, 'manufacturer_id=6', 'palm'),
(832, 'manufacturer_id=10', 'sony'),
(841, 'information_id=6', 'delivery'),
(842, 'information_id=3', 'privacy'),
(843, 'information_id=5', 'terms');

-- --------------------------------------------------------

--
-- Table structure for table `user`
--

CREATE TABLE IF NOT EXISTS `user` (
  `user_id` int(11) NOT NULL AUTO_INCREMENT,
  `user_group_id` int(11) NOT NULL,
  `admin_group_id` int(11) DEFAULT '0',
  `username` varchar(20) NOT NULL,
  `password` varchar(40) NOT NULL,
  `salt` varchar(9) NOT NULL,
  `firstname` varchar(32) NOT NULL,
  `lastname` varchar(32) NOT NULL,
  `email` varchar(96) NOT NULL,
  `image` varchar(255) NOT NULL,
  `code` varchar(40) NOT NULL,
  `ip` varchar(40) NOT NULL,
  `status` tinyint(1) NOT NULL,
  `date_added` datetime NOT NULL,
  `target` decimal(20,0) DEFAULT NULL,
  `telephone` varchar(40) DEFAULT NULL,
  PRIMARY KEY (`user_id`)
) ENGINE=MyISAM  DEFAULT CHARSET=utf8 AUTO_INCREMENT=8 ;

--
-- Dumping data for table `user`
--

INSERT INTO `user` (`user_id`, `user_group_id`, `admin_group_id`, `username`, `password`, `salt`, `firstname`, `lastname`, `email`, `image`, `code`, `ip`, `status`, `date_added`, `target`, `telephone`) VALUES
(1, 1, 0, 'admin', '6b64c3b708f86f457c9599b61339352c3b4fd89f', 'bbe7e4763', 'John', 'Doe', 'ducchinhbk@gmail.com', '', '', '::1', 1, '2015-01-15 10:16:08', 0, '0123456789'),
(2, 14, 0, 'trangnguyen', 'e3187a5f13cc5460f269d414aab7f1450ea2aacf', '8a11e1eaf', 'Thùy Trang', 'Đỗ Nguyễn', 'trangdo@gmail.com', 'catalog/1-5285b.jpg', '', '::1', 1, '2015-01-16 10:11:06', 100000000, '0933456243'),
(3, 3, 3, 'longnguyen', '2f0fb285c1adf956f3703420d25b5ac27ba87f9d', 'e0bd0f19e', 'Hoàng Long', 'Nguyễn', 'longnguyen@gmail.com', 'catalog/George1-d85da-a581f.jpg', '', '::1', 1, '2015-01-16 10:12:21', 120000000, '09014253012'),
(4, 3, 0, 'phucnguyen', '0bbb48a5a3c7b2a1f3a326881f51e01267903d56', 'eba7a4d32', 'Xuân Phúc', 'Nguyễn Trần', 'xuanphuc@gmail.com', 'catalog/IMG_1766-170f1-0c0b0.JPG', '', '::1', 1, '2015-01-16 10:13:40', 100000000, '0954236540'),
(6, 14, 14, 'tienngo', '57c41d958586b99faeb76060847b171daeea23bd', 'ade74e260', 'Thủy Tiên', ' Ngô', 'thuytienngo@gmail.com', 'catalog/2.jpg', '', '::1', 1, '2015-01-19 10:14:53', 100000000000, '098765342');

-- --------------------------------------------------------

--
-- Table structure for table `user_group`
--

CREATE TABLE IF NOT EXISTS `user_group` (
  `user_group_id` int(11) NOT NULL AUTO_INCREMENT,
  `name` varchar(64) NOT NULL,
  `permission` text NOT NULL,
  PRIMARY KEY (`user_group_id`)
) ENGINE=MyISAM  DEFAULT CHARSET=utf8 AUTO_INCREMENT=15 ;

--
-- Dumping data for table `user_group`
--

INSERT INTO `user_group` (`user_group_id`, `name`, `permission`) VALUES
(1, 'Administrator', 'a:2:{s:6:"access";a:21:{i:0;s:16:"amsystem/booking";i:1;s:19:"amsystem/dasadgroup";i:2;s:17:"amsystem/dasadmin";i:3;s:18:"amsystem/dashboard";i:4;s:16:"amsystem/dassale";i:5;s:23:"amsystem/largestbooking";i:6;s:13:"amsystem/user";i:7;s:24:"amsystem/user_permission";i:8;s:18:"common/column_left";i:9;s:18:"common/filemanager";i:10;s:11:"common/menu";i:11;s:14:"common/profile";i:12;s:12:"common/stats";i:13;s:16:"feed/google_base";i:14;s:19:"feed/google_sitemap";i:15;s:15:"feed/openbaypro";i:16;s:15:"setting/setting";i:17;s:13:"setting/store";i:18;s:8:"user/api";i:19;s:9:"user/user";i:20;s:20:"user/user_permission";}s:6:"modify";a:21:{i:0;s:16:"amsystem/booking";i:1;s:19:"amsystem/dasadgroup";i:2;s:17:"amsystem/dasadmin";i:3;s:18:"amsystem/dashboard";i:4;s:16:"amsystem/dassale";i:5;s:23:"amsystem/largestbooking";i:6;s:13:"amsystem/user";i:7;s:24:"amsystem/user_permission";i:8;s:18:"common/column_left";i:9;s:18:"common/filemanager";i:10;s:11:"common/menu";i:11;s:14:"common/profile";i:12;s:12:"common/stats";i:13;s:16:"feed/google_base";i:14;s:19:"feed/google_sitemap";i:15;s:15:"feed/openbaypro";i:16;s:15:"setting/setting";i:17;s:13:"setting/store";i:18;s:8:"user/api";i:19;s:9:"user/user";i:20;s:20:"user/user_permission";}}'),
(3, 'Sale 1', 'a:2:{s:6:"access";a:3:{i:0;s:16:"amsystem/booking";i:1;s:19:"amsystem/dasadgroup";i:2;s:18:"amsystem/dashboard";}s:6:"modify";a:3:{i:0;s:16:"amsystem/booking";i:1;s:19:"amsystem/dasadgroup";i:2;s:18:"amsystem/dashboard";}}'),
(14, 'Sale 2', 'a:2:{s:6:"access";a:6:{i:0;s:16:"amsystem/booking";i:1;s:19:"amsystem/dasadgroup";i:2;s:18:"amsystem/dashboard";i:3;s:18:"common/column_left";i:4;s:18:"common/filemanager";i:5;s:11:"common/menu";}s:6:"modify";a:4:{i:0;s:16:"amsystem/booking";i:1;s:19:"amsystem/dasadgroup";i:2;s:18:"amsystem/dashboard";i:3;s:18:"common/column_left";}}');

-- --------------------------------------------------------

--
-- Table structure for table `weight_class`
--

CREATE TABLE IF NOT EXISTS `weight_class` (
  `weight_class_id` int(11) NOT NULL AUTO_INCREMENT,
  `value` decimal(15,8) NOT NULL DEFAULT '0.00000000',
  PRIMARY KEY (`weight_class_id`)
) ENGINE=MyISAM  DEFAULT CHARSET=utf8 AUTO_INCREMENT=7 ;

--
-- Dumping data for table `weight_class`
--

INSERT INTO `weight_class` (`weight_class_id`, `value`) VALUES
(1, 1.00000000),
(2, 1000.00000000),
(5, 2.20460000),
(6, 35.27400000);

-- --------------------------------------------------------

--
-- Table structure for table `weight_class_description`
--

CREATE TABLE IF NOT EXISTS `weight_class_description` (
  `weight_class_id` int(11) NOT NULL AUTO_INCREMENT,
  `language_id` int(11) NOT NULL,
  `title` varchar(32) NOT NULL,
  `unit` varchar(4) NOT NULL,
  PRIMARY KEY (`weight_class_id`,`language_id`)
) ENGINE=MyISAM  DEFAULT CHARSET=utf8 AUTO_INCREMENT=7 ;

--
-- Dumping data for table `weight_class_description`
--

INSERT INTO `weight_class_description` (`weight_class_id`, `language_id`, `title`, `unit`) VALUES
(1, 1, 'Kilogram', 'kg'),
(2, 1, 'Gram', 'g'),
(5, 1, 'Pound ', 'lb'),
(6, 1, 'Ounce', 'oz');

/*!40101 SET CHARACTER_SET_CLIENT=@OLD_CHARACTER_SET_CLIENT */;
/*!40101 SET CHARACTER_SET_RESULTS=@OLD_CHARACTER_SET_RESULTS */;
/*!40101 SET COLLATION_CONNECTION=@OLD_COLLATION_CONNECTION */;
